<?xml version="1.0"?>
<metadata xml:lang="en"><Esri><CreaDate>20100928</CreaDate><CreaTime>10565600</CreaTime><SyncOnce>FALSE</SyncOnce><SyncDate>20101012</SyncDate><SyncTime>12452600</SyncTime><ModDate>20101012</ModDate><ModTime>12452600</ModTime><PublishStatus>Published</PublishStatus><DataProperties><lineage><Process ToolSource="C:\Program Files\ArcGIS\ArcToolbox\Toolboxes\Data Management Tools.tbx\CopyFeatures" Date="20100617" Time="123907">CopyFeatures N:\GISExternalData\DTD_PUBLISH_ROADWAY.mdb\GOVERNMENTAL_UNIT\COUNTIES "Database Connections\vhqDEVsde1.Governmental_Unit.sde\GOVERNMENTAL_UNIT.COUNTIES" # 0 0 0</Process><Process ToolSource="C:\Program Files\ArcGIS\ArcToolbox\Toolboxes\Data Management Tools.tbx\SelectLayerByLocation" Date="20101012" Time="110819">SelectLayerByLocation input_lyr INTERSECT bdy_SQL_lyr # NEW_SELECTION input_lyr</Process><Process ToolSource="C:\Program Files\ArcGIS\ArcToolbox\Toolboxes\Data Management Tools.tbx\SelectLayerByLocation" Date="20101012" Time="110821">SelectLayerByLocation input_lyr INTERSECT bdy_SQL_lyr # NEW_SELECTION input_lyr</Process><Process ToolSource="C:\Program Files\ArcGIS\ArcToolbox\Toolboxes\Data Management Tools.tbx\SelectLayerByLocation" Date="20101012" Time="110822">SelectLayerByLocation input_lyr INTERSECT bdy_SQL_lyr # NEW_SELECTION input_lyr</Process><Process ToolSource="C:\Program Files\ArcGIS\ArcToolbox\Toolboxes\Data Management Tools.tbx\SelectLayerByLocation" Date="20101012" Time="110824">SelectLayerByLocation input_lyr INTERSECT bdy_SQL_lyr # NEW_SELECTION input_lyr</Process><Process ToolSource="C:\Program Files\ArcGIS\ArcToolbox\Toolboxes\Data Management Tools.tbx\SelectLayerByLocation" Date="20101012" Time="110825">SelectLayerByLocation input_lyr INTERSECT bdy_SQL_lyr # NEW_SELECTION input_lyr</Process><Process ToolSource="C:\Program Files\ArcGIS\ArcToolbox\Toolboxes\Data Management Tools.tbx\SelectLayerByLocation" Date="20101012" Time="110827">SelectLayerByLocation input_lyr INTERSECT bdy_SQL_lyr # NEW_SELECTION input_lyr</Process><Process ToolSource="C:\Program Files\ArcGIS\ArcToolbox\Toolboxes\Data Management Tools.tbx\SelectLayerByLocation" Date="20101012" Time="110828">SelectLayerByLocation input_lyr INTERSECT bdy_SQL_lyr # NEW_SELECTION input_lyr</Process><Process ToolSource="C:\Program Files\ArcGIS\ArcToolbox\Toolboxes\Data Management Tools.tbx\SelectLayerByLocation" Date="20101012" Time="110830">SelectLayerByLocation input_lyr INTERSECT bdy_SQL_lyr # NEW_SELECTION input_lyr</Process><Process ToolSource="C:\Program Files\ArcGIS\ArcToolbox\Toolboxes\Data Management Tools.tbx\SelectLayerByLocation" Date="20101012" Time="110832">SelectLayerByLocation input_lyr INTERSECT bdy_SQL_lyr # NEW_SELECTION input_lyr</Process><Process ToolSource="C:\Program Files\ArcGIS\ArcToolbox\Toolboxes\Data Management Tools.tbx\SelectLayerByLocation" Date="20101012" Time="110833">SelectLayerByLocation input_lyr INTERSECT bdy_SQL_lyr # NEW_SELECTION input_lyr</Process><Process ToolSource="C:\Program Files\ArcGIS\ArcToolbox\Toolboxes\Data Management Tools.tbx\SelectLayerByLocation" Date="20101012" Time="110835">SelectLayerByLocation input_lyr INTERSECT bdy_SQL_lyr # NEW_SELECTION input_lyr</Process><Process ToolSource="C:\Program Files\ArcGIS\ArcToolbox\Toolboxes\Data Management Tools.tbx\SelectLayerByLocation" Date="20101012" Time="110836">SelectLayerByLocation input_lyr INTERSECT bdy_SQL_lyr # NEW_SELECTION input_lyr</Process><Process ToolSource="C:\Program Files\ArcGIS\ArcToolbox\Toolboxes\Data Management Tools.tbx\SelectLayerByLocation" Date="20101012" Time="110838">SelectLayerByLocation input_lyr INTERSECT bdy_SQL_lyr # NEW_SELECTION input_lyr</Process><Process ToolSource="C:\Program Files\ArcGIS\ArcToolbox\Toolboxes\Data Management Tools.tbx\SelectLayerByLocation" Date="20101012" Time="110839">SelectLayerByLocation input_lyr INTERSECT bdy_SQL_lyr # NEW_SELECTION input_lyr</Process><Process ToolSource="C:\Program Files\ArcGIS\ArcToolbox\Toolboxes\Data Management Tools.tbx\SelectLayerByLocation" Date="20101012" Time="110841">SelectLayerByLocation input_lyr INTERSECT bdy_SQL_lyr # NEW_SELECTION input_lyr</Process><Process ToolSource="C:\Program Files\ArcGIS\ArcToolbox\Toolboxes\Data Management Tools.tbx\SelectLayerByLocation" Date="20101012" Time="110842">SelectLayerByLocation input_lyr INTERSECT bdy_SQL_lyr # NEW_SELECTION input_lyr</Process><Process ToolSource="C:\Program Files\ArcGIS\ArcToolbox\Toolboxes\Data Management Tools.tbx\SelectLayerByLocation" Date="20101012" Time="110844">SelectLayerByLocation input_lyr INTERSECT bdy_SQL_lyr # NEW_SELECTION input_lyr</Process><Process ToolSource="C:\Program Files\ArcGIS\ArcToolbox\Toolboxes\Data Management Tools.tbx\SelectLayerByLocation" Date="20101012" Time="110846">SelectLayerByLocation input_lyr INTERSECT bdy_SQL_lyr # NEW_SELECTION input_lyr</Process><Process ToolSource="C:\Program Files\ArcGIS\ArcToolbox\Toolboxes\Data Management Tools.tbx\SelectLayerByLocation" Date="20101012" Time="110847">SelectLayerByLocation input_lyr INTERSECT bdy_SQL_lyr # NEW_SELECTION input_lyr</Process><Process ToolSource="C:\Program Files\ArcGIS\ArcToolbox\Toolboxes\Data Management Tools.tbx\SelectLayerByLocation" Date="20101012" Time="110849">SelectLayerByLocation input_lyr INTERSECT bdy_SQL_lyr # NEW_SELECTION input_lyr</Process><Process ToolSource="C:\Program Files\ArcGIS\ArcToolbox\Toolboxes\Data Management Tools.tbx\SelectLayerByLocation" Date="20101012" Time="110850">SelectLayerByLocation input_lyr INTERSECT bdy_SQL_lyr # NEW_SELECTION input_lyr</Process><Process ToolSource="C:\Program Files\ArcGIS\ArcToolbox\Toolboxes\Data Management Tools.tbx\SelectLayerByLocation" Date="20101012" Time="110852">SelectLayerByLocation input_lyr INTERSECT bdy_SQL_lyr # NEW_SELECTION input_lyr</Process><Process ToolSource="C:\Program Files\ArcGIS\ArcToolbox\Toolboxes\Data Management Tools.tbx\SelectLayerByLocation" Date="20101012" Time="110853">SelectLayerByLocation input_lyr INTERSECT bdy_SQL_lyr # NEW_SELECTION input_lyr</Process><Process ToolSource="C:\Program Files\ArcGIS\ArcToolbox\Toolboxes\Data Management Tools.tbx\SelectLayerByLocation" Date="20101012" Time="110855">SelectLayerByLocation input_lyr INTERSECT bdy_SQL_lyr # NEW_SELECTION input_lyr</Process><Process ToolSource="C:\Program Files\ArcGIS\ArcToolbox\Toolboxes\Data Management Tools.tbx\SelectLayerByLocation" Date="20101012" Time="110856">SelectLayerByLocation input_lyr INTERSECT bdy_SQL_lyr # NEW_SELECTION input_lyr</Process><Process ToolSource="C:\Program Files\ArcGIS\ArcToolbox\Toolboxes\Data Management Tools.tbx\SelectLayerByLocation" Date="20101012" Time="110858">SelectLayerByLocation input_lyr INTERSECT bdy_SQL_lyr # NEW_SELECTION input_lyr</Process><Process ToolSource="C:\Program Files\ArcGIS\ArcToolbox\Toolboxes\Data Management Tools.tbx\SelectLayerByLocation" Date="20101012" Time="110859">SelectLayerByLocation input_lyr INTERSECT bdy_SQL_lyr # NEW_SELECTION input_lyr</Process><Process ToolSource="C:\Program Files\ArcGIS\ArcToolbox\Toolboxes\Data Management Tools.tbx\SelectLayerByLocation" Date="20101012" Time="110901">SelectLayerByLocation input_lyr INTERSECT bdy_SQL_lyr # NEW_SELECTION input_lyr</Process><Process ToolSource="C:\Program Files\ArcGIS\ArcToolbox\Toolboxes\Data Management Tools.tbx\SelectLayerByLocation" Date="20101012" Time="110903">SelectLayerByLocation input_lyr INTERSECT bdy_SQL_lyr # NEW_SELECTION input_lyr</Process><Process ToolSource="C:\Program Files\ArcGIS\ArcToolbox\Toolboxes\Data Management Tools.tbx\SelectLayerByLocation" Date="20101012" Time="110905">SelectLayerByLocation input_lyr INTERSECT bdy_SQL_lyr # NEW_SELECTION input_lyr</Process><Process ToolSource="C:\Program Files\ArcGIS\ArcToolbox\Toolboxes\Data Management Tools.tbx\SelectLayerByLocation" Date="20101012" Time="110907">SelectLayerByLocation input_lyr INTERSECT bdy_SQL_lyr # NEW_SELECTION input_lyr</Process><Process ToolSource="C:\Program Files\ArcGIS\ArcToolbox\Toolboxes\Data Management Tools.tbx\SelectLayerByLocation" Date="20101012" Time="110908">SelectLayerByLocation input_lyr INTERSECT bdy_SQL_lyr # NEW_SELECTION input_lyr</Process><Process ToolSource="C:\Program Files\ArcGIS\ArcToolbox\Toolboxes\Data Management Tools.tbx\SelectLayerByLocation" Date="20101012" Time="110910">SelectLayerByLocation input_lyr INTERSECT bdy_SQL_lyr # NEW_SELECTION input_lyr</Process><Process ToolSource="C:\Program Files\ArcGIS\ArcToolbox\Toolboxes\Data Management Tools.tbx\SelectLayerByLocation" Date="20101012" Time="110911">SelectLayerByLocation input_lyr INTERSECT bdy_SQL_lyr # NEW_SELECTION input_lyr</Process><Process ToolSource="C:\Program Files\ArcGIS\ArcToolbox\Toolboxes\Data Management Tools.tbx\SelectLayerByLocation" Date="20101012" Time="110913">SelectLayerByLocation input_lyr INTERSECT bdy_SQL_lyr # NEW_SELECTION input_lyr</Process><Process ToolSource="C:\Program Files\ArcGIS\ArcToolbox\Toolboxes\Data Management Tools.tbx\SelectLayerByLocation" Date="20101012" Time="110914">SelectLayerByLocation input_lyr INTERSECT bdy_SQL_lyr # NEW_SELECTION input_lyr</Process><Process ToolSource="C:\Program Files\ArcGIS\ArcToolbox\Toolboxes\Data Management Tools.tbx\SelectLayerByLocation" Date="20101012" Time="110916">SelectLayerByLocation input_lyr INTERSECT bdy_SQL_lyr # NEW_SELECTION input_lyr</Process><Process ToolSource="C:\Program Files\ArcGIS\ArcToolbox\Toolboxes\Data Management Tools.tbx\SelectLayerByLocation" Date="20101012" Time="110918">SelectLayerByLocation input_lyr INTERSECT bdy_SQL_lyr # NEW_SELECTION input_lyr</Process><Process ToolSource="C:\Program Files\ArcGIS\ArcToolbox\Toolboxes\Data Management Tools.tbx\SelectLayerByLocation" Date="20101012" Time="110919">SelectLayerByLocation input_lyr INTERSECT bdy_SQL_lyr # NEW_SELECTION input_lyr</Process><Process ToolSource="C:\Program Files\ArcGIS\ArcToolbox\Toolboxes\Data Management Tools.tbx\SelectLayerByLocation" Date="20101012" Time="110921">SelectLayerByLocation input_lyr INTERSECT bdy_SQL_lyr # NEW_SELECTION input_lyr</Process><Process ToolSource="C:\Program Files\ArcGIS\ArcToolbox\Toolboxes\Data Management Tools.tbx\SelectLayerByLocation" Date="20101012" Time="110922">SelectLayerByLocation input_lyr INTERSECT bdy_SQL_lyr # NEW_SELECTION input_lyr</Process><Process ToolSource="C:\Program Files\ArcGIS\ArcToolbox\Toolboxes\Data Management Tools.tbx\SelectLayerByLocation" Date="20101012" Time="110924">SelectLayerByLocation input_lyr INTERSECT bdy_SQL_lyr # NEW_SELECTION input_lyr</Process><Process ToolSource="C:\Program Files\ArcGIS\ArcToolbox\Toolboxes\Data Management Tools.tbx\SelectLayerByLocation" Date="20101012" Time="110925">SelectLayerByLocation input_lyr INTERSECT bdy_SQL_lyr # NEW_SELECTION input_lyr</Process><Process ToolSource="C:\Program Files\ArcGIS\ArcToolbox\Toolboxes\Data Management Tools.tbx\SelectLayerByLocation" Date="20101012" Time="110927">SelectLayerByLocation input_lyr INTERSECT bdy_SQL_lyr # NEW_SELECTION input_lyr</Process><Process ToolSource="C:\Program Files\ArcGIS\ArcToolbox\Toolboxes\Data Management Tools.tbx\SelectLayerByLocation" Date="20101012" Time="110928">SelectLayerByLocation input_lyr INTERSECT bdy_SQL_lyr # NEW_SELECTION input_lyr</Process><Process ToolSource="C:\Program Files\ArcGIS\ArcToolbox\Toolboxes\Data Management Tools.tbx\SelectLayerByLocation" Date="20101012" Time="110930">SelectLayerByLocation input_lyr INTERSECT bdy_SQL_lyr # NEW_SELECTION input_lyr</Process><Process ToolSource="C:\Program Files\ArcGIS\ArcToolbox\Toolboxes\Data Management Tools.tbx\SelectLayerByLocation" Date="20101012" Time="110931">SelectLayerByLocation input_lyr INTERSECT bdy_SQL_lyr # NEW_SELECTION input_lyr</Process><Process ToolSource="C:\Program Files\ArcGIS\ArcToolbox\Toolboxes\Data Management Tools.tbx\SelectLayerByLocation" Date="20101012" Time="110933">SelectLayerByLocation input_lyr INTERSECT bdy_SQL_lyr # NEW_SELECTION input_lyr</Process><Process ToolSource="C:\Program Files\ArcGIS\ArcToolbox\Toolboxes\Data Management Tools.tbx\SelectLayerByLocation" Date="20101012" Time="110934">SelectLayerByLocation input_lyr INTERSECT bdy_SQL_lyr # NEW_SELECTION input_lyr</Process><Process ToolSource="C:\Program Files\ArcGIS\ArcToolbox\Toolboxes\Data Management Tools.tbx\SelectLayerByLocation" Date="20101012" Time="110936">SelectLayerByLocation input_lyr INTERSECT bdy_SQL_lyr # NEW_SELECTION input_lyr</Process><Process ToolSource="C:\Program Files\ArcGIS\ArcToolbox\Toolboxes\Data Management Tools.tbx\SelectLayerByLocation" Date="20101012" Time="110937">SelectLayerByLocation input_lyr INTERSECT bdy_SQL_lyr # NEW_SELECTION input_lyr</Process><Process ToolSource="C:\Program Files\ArcGIS\ArcToolbox\Toolboxes\Data Management Tools.tbx\SelectLayerByLocation" Date="20101012" Time="110939">SelectLayerByLocation input_lyr INTERSECT bdy_SQL_lyr # NEW_SELECTION input_lyr</Process><Process ToolSource="C:\Program Files\ArcGIS\ArcToolbox\Toolboxes\Data Management Tools.tbx\SelectLayerByLocation" Date="20101012" Time="110940">SelectLayerByLocation input_lyr INTERSECT bdy_SQL_lyr # NEW_SELECTION input_lyr</Process><Process ToolSource="C:\Program Files\ArcGIS\ArcToolbox\Toolboxes\Data Management Tools.tbx\SelectLayerByLocation" Date="20101012" Time="110942">SelectLayerByLocation input_lyr INTERSECT bdy_SQL_lyr # NEW_SELECTION input_lyr</Process><Process ToolSource="C:\Program Files\ArcGIS\ArcToolbox\Toolboxes\Data Management Tools.tbx\SelectLayerByLocation" Date="20101012" Time="110944">SelectLayerByLocation input_lyr INTERSECT bdy_SQL_lyr # NEW_SELECTION input_lyr</Process><Process ToolSource="C:\Program Files\ArcGIS\ArcToolbox\Toolboxes\Data Management Tools.tbx\SelectLayerByLocation" Date="20101012" Time="110945">SelectLayerByLocation input_lyr INTERSECT bdy_SQL_lyr # NEW_SELECTION input_lyr</Process><Process ToolSource="C:\Program Files\ArcGIS\ArcToolbox\Toolboxes\Data Management Tools.tbx\SelectLayerByLocation" Date="20101012" Time="110947">SelectLayerByLocation input_lyr INTERSECT bdy_SQL_lyr # NEW_SELECTION input_lyr</Process><Process ToolSource="C:\Program Files\ArcGIS\ArcToolbox\Toolboxes\Data Management Tools.tbx\SelectLayerByLocation" Date="20101012" Time="110949">SelectLayerByLocation input_lyr INTERSECT bdy_SQL_lyr # NEW_SELECTION input_lyr</Process><Process ToolSource="C:\Program Files\ArcGIS\ArcToolbox\Toolboxes\Data Management Tools.tbx\SelectLayerByLocation" Date="20101012" Time="110950">SelectLayerByLocation input_lyr INTERSECT bdy_SQL_lyr # NEW_SELECTION input_lyr</Process><Process ToolSource="C:\Program Files\ArcGIS\ArcToolbox\Toolboxes\Data Management Tools.tbx\SelectLayerByLocation" Date="20101012" Time="110952">SelectLayerByLocation input_lyr INTERSECT bdy_SQL_lyr # NEW_SELECTION input_lyr</Process><Process ToolSource="C:\Program Files\ArcGIS\ArcToolbox\Toolboxes\Data Management Tools.tbx\SelectLayerByLocation" Date="20101012" Time="110954">SelectLayerByLocation input_lyr INTERSECT bdy_SQL_lyr # NEW_SELECTION input_lyr</Process><Process ToolSource="C:\Program Files\ArcGIS\ArcToolbox\Toolboxes\Data Management Tools.tbx\SelectLayerByLocation" Date="20101012" Time="110955">SelectLayerByLocation input_lyr INTERSECT bdy_SQL_lyr # NEW_SELECTION input_lyr</Process><Process ToolSource="C:\Program Files\ArcGIS\ArcToolbox\Toolboxes\Data Management Tools.tbx\SelectLayerByLocation" Date="20101012" Time="110957">SelectLayerByLocation input_lyr INTERSECT bdy_SQL_lyr # NEW_SELECTION input_lyr</Process><Process ToolSource="C:\Program Files\ArcGIS\ArcToolbox\Toolboxes\Data Management Tools.tbx\SelectLayerByLocation" Date="20101012" Time="110959">SelectLayerByLocation input_lyr INTERSECT bdy_SQL_lyr # NEW_SELECTION input_lyr</Process><Process ToolSource="C:\Program Files\ArcGIS\ArcToolbox\Toolboxes\Data Management Tools.tbx\SelectLayerByLocation" Date="20101012" Time="120557">SelectLayerByLocation input_lyr INTERSECT bdy_SQL_lyr # NEW_SELECTION input_lyr</Process><Process ToolSource="C:\Program Files\ArcGIS\ArcToolbox\Toolboxes\Data Management Tools.tbx\SelectLayerByLocation" Date="20101012" Time="120559">SelectLayerByLocation input_lyr INTERSECT bdy_SQL_lyr # NEW_SELECTION input_lyr</Process><Process ToolSource="C:\Program Files\ArcGIS\ArcToolbox\Toolboxes\Data Management Tools.tbx\SelectLayerByLocation" Date="20101012" Time="120600">SelectLayerByLocation input_lyr INTERSECT bdy_SQL_lyr # NEW_SELECTION input_lyr</Process><Process ToolSource="C:\Program Files\ArcGIS\ArcToolbox\Toolboxes\Data Management Tools.tbx\SelectLayerByLocation" Date="20101012" Time="120602">SelectLayerByLocation input_lyr INTERSECT bdy_SQL_lyr # NEW_SELECTION input_lyr</Process><Process ToolSource="C:\Program Files\ArcGIS\ArcToolbox\Toolboxes\Data Management Tools.tbx\SelectLayerByLocation" Date="20101012" Time="120604">SelectLayerByLocation input_lyr INTERSECT bdy_SQL_lyr # NEW_SELECTION input_lyr</Process><Process ToolSource="C:\Program Files\ArcGIS\ArcToolbox\Toolboxes\Data Management Tools.tbx\SelectLayerByLocation" Date="20101012" Time="120606">SelectLayerByLocation input_lyr INTERSECT bdy_SQL_lyr # NEW_SELECTION input_lyr</Process><Process ToolSource="C:\Program Files\ArcGIS\ArcToolbox\Toolboxes\Data Management Tools.tbx\SelectLayerByLocation" Date="20101012" Time="121243">SelectLayerByLocation input_lyr INTERSECT bdy_SQL_lyr # NEW_SELECTION input_lyr</Process><Process ToolSource="C:\Program Files\ArcGIS\ArcToolbox\Toolboxes\Data Management Tools.tbx\SelectLayerByLocation" Date="20101012" Time="121245">SelectLayerByLocation input_lyr INTERSECT bdy_SQL_lyr # NEW_SELECTION input_lyr</Process><Process ToolSource="C:\Program Files\ArcGIS\ArcToolbox\Toolboxes\Data Management Tools.tbx\SelectLayerByLocation" Date="20101012" Time="121247">SelectLayerByLocation input_lyr INTERSECT bdy_SQL_lyr # NEW_SELECTION input_lyr</Process><Process ToolSource="C:\Program Files\ArcGIS\ArcToolbox\Toolboxes\Data Management Tools.tbx\SelectLayerByLocation" Date="20101012" Time="121249">SelectLayerByLocation input_lyr INTERSECT bdy_SQL_lyr # NEW_SELECTION input_lyr</Process><Process ToolSource="C:\Program Files\ArcGIS\ArcToolbox\Toolboxes\Data Management Tools.tbx\SelectLayerByLocation" Date="20101012" Time="121251">SelectLayerByLocation input_lyr INTERSECT bdy_SQL_lyr # NEW_SELECTION input_lyr</Process><Process ToolSource="C:\Program Files\ArcGIS\ArcToolbox\Toolboxes\Data Management Tools.tbx\SelectLayerByLocation" Date="20101012" Time="121252">SelectLayerByLocation input_lyr INTERSECT bdy_SQL_lyr # NEW_SELECTION input_lyr</Process><Process ToolSource="C:\Program Files\ArcGIS\ArcToolbox\Toolboxes\Data Management Tools.tbx\SelectLayerByLocation" Date="20101012" Time="121254">SelectLayerByLocation input_lyr INTERSECT bdy_SQL_lyr # NEW_SELECTION input_lyr</Process><Process ToolSource="C:\Program Files\ArcGIS\ArcToolbox\Toolboxes\Data Management Tools.tbx\SelectLayerByLocation" Date="20101012" Time="121256">SelectLayerByLocation input_lyr INTERSECT bdy_SQL_lyr # NEW_SELECTION input_lyr</Process><Process ToolSource="C:\Program Files\ArcGIS\ArcToolbox\Toolboxes\Data Management Tools.tbx\SelectLayerByLocation" Date="20101012" Time="121258">SelectLayerByLocation input_lyr INTERSECT bdy_SQL_lyr # NEW_SELECTION input_lyr</Process><Process ToolSource="C:\Program Files\ArcGIS\ArcToolbox\Toolboxes\Data Management Tools.tbx\SelectLayerByLocation" Date="20101012" Time="121300">SelectLayerByLocation input_lyr INTERSECT bdy_SQL_lyr # NEW_SELECTION input_lyr</Process><Process ToolSource="C:\Program Files\ArcGIS\ArcToolbox\Toolboxes\Data Management Tools.tbx\SelectLayerByLocation" Date="20101012" Time="121301">SelectLayerByLocation input_lyr INTERSECT bdy_SQL_lyr # NEW_SELECTION input_lyr</Process><Process ToolSource="C:\Program Files\ArcGIS\ArcToolbox\Toolboxes\Data Management Tools.tbx\SelectLayerByLocation" Date="20101012" Time="121303">SelectLayerByLocation input_lyr INTERSECT bdy_SQL_lyr # NEW_SELECTION input_lyr</Process><Process ToolSource="C:\Program Files\ArcGIS\ArcToolbox\Toolboxes\Data Management Tools.tbx\SelectLayerByLocation" Date="20101012" Time="121306">SelectLayerByLocation input_lyr INTERSECT bdy_SQL_lyr # NEW_SELECTION input_lyr</Process><Process ToolSource="C:\Program Files\ArcGIS\ArcToolbox\Toolboxes\Data Management Tools.tbx\SelectLayerByLocation" Date="20101012" Time="121307">SelectLayerByLocation input_lyr INTERSECT bdy_SQL_lyr # NEW_SELECTION input_lyr</Process><Process ToolSource="C:\Program Files\ArcGIS\ArcToolbox\Toolboxes\Data Management Tools.tbx\SelectLayerByLocation" Date="20101012" Time="121309">SelectLayerByLocation input_lyr INTERSECT bdy_SQL_lyr # NEW_SELECTION input_lyr</Process><Process ToolSource="C:\Program Files\ArcGIS\ArcToolbox\Toolboxes\Data Management Tools.tbx\CopyFeatures" Date="20101012" Time="124527">CopyFeatures input_lyr N:\GISExternalData\MAPS2_DATA\STATE\BOUNDARY\COUNTIES.shp # 0 0 0</Process></lineage></DataProperties><MetaID>{5319C9AB-F484-40AB-B605-448C0B4F4F7B}</MetaID></Esri><idinfo><descript><langdata Sync="TRUE">en</langdata><abstract>Features in this dataset represent the boundaries of each county in the State of Colorado. Features are represented by polygon geographic shapes.  As of October, 2009 this dataset carries demographics data.</abstract><purpose>Used for general reference, geoprocessing, and cartography.</purpose></descript><citation><citeinfo><origin>Colorado Department of Transportation (CDOT)</origin><title Sync="TRUE">COUNTIES</title><ftname Sync="TRUE">COUNTIES</ftname><serinfo><sername>CDOT Metadata Explorer</sername></serinfo><pubinfo><pubplace>Denver, CO</pubplace><publish>Colorado Department of Trasnportation</publish></pubinfo><onlink Sync="TRUE">\\public\DTDDATA\GISExternalData\MAPS2_DATA\STATE\BOUNDARY\COUNTIES.shp</onlink><geoform Sync="TRUE">vector digital data</geoform><pubdate>20101006</pubdate></citeinfo></citation><timeperd><current>ground condition</current><timeinfo><sngdate><caldate>20091231</caldate></sngdate></timeinfo></timeperd><status><progress>Complete</progress><update>Annually</update></status><spdom><bounding><westbc Sync="TRUE">-109.279696</westbc><eastbc Sync="TRUE">-101.868843</eastbc><northbc Sync="TRUE">41.071905</northbc><southbc Sync="TRUE">36.926391</southbc></bounding><lboundng><leftbc Sync="TRUE">139982.359000</leftbc><rightbc Sync="TRUE">763236.609000</rightbc><bottombc Sync="TRUE">4094342.248000</bottombc><topbc Sync="TRUE">4546739.207000</topbc></lboundng></spdom><keywords><theme><themekt>CDOT Metadata Explorer</themekt><themekey>boundaries</themekey><themekey>location</themekey><themekey>society</themekey></theme><place><placekey>Colorado</placekey><placekey>USA</placekey><placekey>North America</placekey><placekt>CDOT Metadata Explorer</placekt><placekey>CO</placekey></place></keywords><accconst>None.</accconst><useconst>There are no restrictions and legal prerequisites for using the data set. The State of Colorado assumes no liability relating to the completeness, correctness, or fitness for use of this data.</useconst><natvform Sync="TRUE">Shapefile</natvform><ptcontac><cntinfo><cntperp><cntper>William Johnson</cntper><cntorg>CDOT</cntorg></cntperp><cntpos>Data Management Unit Manager</cntpos><cntaddr><addrtype>mailing and physical address</addrtype><address>4201 E. Arkansas Ave. Shumate Building</address><city>Denver</city><state>CO</state><postal>80222</postal><country>USA</country></cntaddr><cntvoice>303-512-4808</cntvoice><cntfax>303-757-9727</cntfax><cntemail>William.G.Johnson@dot.state.co.us</cntemail><hours>9 AM to 4 PM</hours></cntinfo></ptcontac><native Sync="TRUE">Microsoft Windows Vista Version 6.0 (Build 6001) Service Pack 1; ESRI ArcCatalog 9.3.1.3000</native></idinfo><dataIdInfo><envirDesc Sync="TRUE">Microsoft Windows Vista Version 6.0 (Build 6001) Service Pack 1; ESRI ArcCatalog 9.3.1.3000</envirDesc><dataLang><languageCode Sync="TRUE" value="en"></languageCode></dataLang><idCitation><resTitle Sync="TRUE">COUNTIES</resTitle><presForm><PresFormCd Sync="TRUE" value="005"></PresFormCd></presForm></idCitation><spatRpType><SpatRepTypCd Sync="TRUE" value="001"></SpatRepTypCd></spatRpType><dataExt><geoEle><GeoBndBox esriExtentType="native"><westBL Sync="TRUE">139982.359</westBL><eastBL Sync="TRUE">763236.609</eastBL><northBL Sync="TRUE">4546739.207</northBL><southBL Sync="TRUE">4094342.248</southBL><exTypeCode Sync="TRUE">1</exTypeCode></GeoBndBox></geoEle></dataExt><geoBox esriExtentType="decdegrees"><westBL Sync="TRUE">-109.279696</westBL><eastBL Sync="TRUE">-101.868843</eastBL><northBL Sync="TRUE">41.071905</northBL><southBL Sync="TRUE">36.926391</southBL><exTypeCode Sync="TRUE">1</exTypeCode></geoBox></dataIdInfo><metainfo><langmeta Sync="TRUE">en</langmeta><metstdn Sync="TRUE">FGDC Content Standards for Digital Geospatial Metadata</metstdn><metstdv Sync="TRUE">FGDC-STD-001-1998</metstdv><mettc Sync="TRUE">local time</mettc><metc><cntinfo><cntaddr><addrtype>mailing and physical address</addrtype><city>Denver</city><state>CO</state><postal>80222</postal><address>4201 E. Arkansas Ave. Shumate Building</address><country>USA</country></cntaddr><cntvoice>303-757-9809</cntvoice><cntpos>GIS Support Manager</cntpos><cntfax>303-757-9727</cntfax><cntemail>louis.henefeld@dot.state.co.us</cntemail><hours>9 AM to 4 PM</hours><cntperp><cntper>Lou Henefeld</cntper><cntorg>CDOT</cntorg></cntperp></cntinfo></metc><metd Sync="TRUE">20101012</metd><metextns><onlink Sync="TRUE">http://www.esri.com/metadata/esriprof80.html</onlink><metprof Sync="TRUE">ESRI Metadata Profile</metprof></metextns></metainfo><mdLang><languageCode Sync="TRUE" value="en"></languageCode></mdLang><mdStanName Sync="TRUE">ISO 19115 Geographic Information - Metadata</mdStanName><mdStanVer Sync="TRUE">DIS_ESRI1.0</mdStanVer><mdChar><CharSetCd Sync="TRUE" value="004"></CharSetCd></mdChar><mdHrLv><ScopeCd Sync="TRUE" value="005"></ScopeCd></mdHrLv><mdHrLvName Sync="TRUE">dataset</mdHrLvName><distinfo><resdesc Sync="TRUE">Downloadable Data</resdesc><distrib><cntinfo><cntperp><cntper>Lou Henefeld</cntper><cntorg>Colorado Department of Transportation (CDOT)</cntorg></cntperp><hours>9 AM to 4 PM</hours><cntpos>GIS Support Unit Manager</cntpos><cntaddr><addrtype>mailing and physical address</addrtype><address>4201 East Arkansas Avenue</address><city>Denver</city><state>CO</state><postal>80222</postal><country>USA</country></cntaddr><cntvoice>303-757-9809</cntvoice><cntfax>303-757-9727</cntfax><cntemail>louis.henefeld@dot.state.co.us</cntemail></cntinfo></distrib><stdorder><digform><digtopt><onlinopt><computer><networka><networkr>http:\\www.dot.state.co.us\App_DTD_DataAccess\Downloads\StateGeoData\counties.zip</networkr></networka></computer></onlinopt></digtopt><digtinfo><transize Sync="TRUE">0.000</transize><dssize Sync="TRUE">0.000</dssize></digtinfo></digform></stdorder></distinfo><distInfo><distributor><distorTran><onLineSrc><orDesc Sync="TRUE">002</orDesc><linkage Sync="TRUE">file://\\public\DTDDATA\GISExternalData\MAPS2_DATA\STATE\BOUNDARY\COUNTIES.shp</linkage><protocol Sync="TRUE">Local Area Network</protocol></onLineSrc><transSize Sync="TRUE">0.000</transSize></distorTran><distorFormat><formatName Sync="TRUE">Shapefile</formatName></distorFormat></distributor></distInfo><spdoinfo><direct Sync="TRUE">Vector</direct><ptvctinf><esriterm Name="COUNTIES"><efeatyp Sync="TRUE">Simple</efeatyp><efeageom Sync="TRUE">Polygon</efeageom><esritopo Sync="TRUE">FALSE</esritopo><efeacnt Sync="TRUE">0</efeacnt><spindex Sync="TRUE">FALSE</spindex><linrefer Sync="TRUE">FALSE</linrefer></esriterm><sdtsterm Name="COUNTIES"><sdtstype Sync="TRUE">G-polygon</sdtstype><ptvctcnt Sync="TRUE">0</ptvctcnt></sdtsterm></ptvctinf></spdoinfo><spref><horizsys><cordsysn><geogcsn Sync="TRUE">GCS_North_American_1983</geogcsn><projcsn Sync="TRUE">NAD_1983_UTM_Zone_13N</projcsn></cordsysn><planar><planci><plance Sync="TRUE">coordinate pair</plance><plandu Sync="TRUE">meters</plandu><coordrep><absres Sync="TRUE">0.000000</absres><ordres Sync="TRUE">0.000000</ordres></coordrep></planci><gridsys><gridsysn Sync="TRUE">Universal Transverse Mercator</gridsysn><utm><utmzone Sync="TRUE">13</utmzone><transmer><sfctrmer Sync="TRUE">0.999600</sfctrmer><longcm Sync="TRUE">-105.000000</longcm><latprjo Sync="TRUE">0.000000</latprjo><feast Sync="TRUE">500000.000000</feast><fnorth Sync="TRUE">0.000000</fnorth></transmer></utm></gridsys></planar><geodetic><horizdn Sync="TRUE">North American Datum of 1983</horizdn><ellips Sync="TRUE">Geodetic Reference System 80</ellips><semiaxis Sync="TRUE">6378137.000000</semiaxis><denflat Sync="TRUE">298.257222</denflat></geodetic></horizsys><vertdef><altsys><altenc Sync="TRUE">Explicit elevation coordinate included with horizontal coordinates</altenc><altres Sync="TRUE">0.000010</altres></altsys></vertdef></spref><refSysInfo><RefSystem><refSysID><identCode Sync="TRUE">NAD_1983_UTM_Zone_13N</identCode></refSysID></RefSystem></refSysInfo><spatRepInfo><VectSpatRep><topLvl><TopoLevCd Sync="TRUE" value="001"></TopoLevCd></topLvl><geometObjs Name="COUNTIES"><geoObjTyp><GeoObjTypCd Sync="TRUE" value="001"></GeoObjTypCd></geoObjTyp><geoObjCnt Sync="TRUE">0</geoObjCnt></geometObjs></VectSpatRep></spatRepInfo>
	<eainfo><detailed Name="COUNTIES"><enttyp><enttypl Sync="TRUE">COUNTIES</enttypl><enttypt Sync="TRUE">Feature Class</enttypt><enttypc Sync="TRUE">0</enttypc></enttyp><attr><attrlabl Sync="TRUE">FID</attrlabl><attalias Sync="TRUE">FID</attalias><attrtype Sync="TRUE">OID</attrtype><attwidth Sync="TRUE">4</attwidth><atprecis Sync="TRUE">0</atprecis><attscale Sync="TRUE">0</attscale><attrdef Sync="TRUE">Internal feature number.</attrdef><attrdefs Sync="TRUE">ESRI</attrdefs><attrdomv><udom Sync="TRUE">Sequential unique whole numbers that are automatically generated.</udom></attrdomv></attr><attr><attrlabl Sync="TRUE">Shape</attrlabl><attalias Sync="TRUE">Shape</attalias><attrtype Sync="TRUE">Geometry</attrtype><attwidth Sync="TRUE">0</attwidth><atprecis Sync="TRUE">0</atprecis><attscale Sync="TRUE">0</attscale><attrdef Sync="TRUE">Feature geometry.</attrdef><attrdefs Sync="TRUE">ESRI</attrdefs><attrdomv><udom Sync="TRUE">Coordinates defining the features.</udom></attrdomv></attr><attr><attrlabl Sync="TRUE">COUNTY</attrlabl><attalias Sync="TRUE">COUNTY</attalias><attrtype Sync="TRUE">String</attrtype><attwidth Sync="TRUE">12</attwidth><attrdef>county name</attrdef></attr><attr><attrlabl Sync="TRUE">CO_FIPS</attrlabl><attalias Sync="TRUE">CO_FIPS</attalias><attrtype Sync="TRUE">Number</attrtype><attwidth Sync="TRUE">9</attwidth><attrdef>county FIPS code</attrdef></attr><attr><attrlabl Sync="TRUE">POP_2000</attrlabl><attalias Sync="TRUE">POP_2000</attalias><attrtype Sync="TRUE">Float</attrtype><attwidth Sync="TRUE">19</attwidth><attrdef>population 2000 census</attrdef><atnumdec Sync="TRUE">11</atnumdec></attr><attr><attrlabl Sync="TRUE">HOUSEHO_00</attrlabl><attalias Sync="TRUE">HOUSEHO_00</attalias><attrtype Sync="TRUE">Float</attrtype><attwidth Sync="TRUE">19</attwidth><attrdef>households 2000 census</attrdef><atnumdec Sync="TRUE">11</atnumdec></attr><attr><attrlabl Sync="TRUE">SHAPE_Leng</attrlabl><attalias Sync="TRUE">SHAPE_Leng</attalias><attrtype Sync="TRUE">Float</attrtype><attwidth Sync="TRUE">19</attwidth><atnumdec Sync="TRUE">11</atnumdec></attr><attr><attrlabl Sync="TRUE">SHAPE_Area</attrlabl><attalias Sync="TRUE">SHAPE_Area</attalias><attrtype Sync="TRUE">Float</attrtype><attwidth Sync="TRUE">19</attwidth><attrdef Sync="TRUE">Area of feature in internal units squared.</attrdef><attrdefs Sync="TRUE">ESRI</attrdefs><attrdomv><udom Sync="TRUE">Positive real numbers that are automatically generated.</udom></attrdomv><atnumdec Sync="TRUE">11</atnumdec></attr></detailed></eainfo>
	<mdDateSt Sync="TRUE">20101012</mdDateSt><dataqual><lineage/></dataqual><Binary/></metadata>
